id,focus,signal,slack,drag,confidence,score,lane,kind,invariant
g001,form pressure,41,45,23,86,266,ship,baseline,monotonic-signal
g002,sync drift,42,66,16,105,364,ship,edge,drag-penalty
g003,local state,46,9,35,79,176,watch,recovery,confidence-floor
g004,conflict cost,96,53,25,24,360,ship,negative,lane-boundary
g005,form pressure,80,8,22,44,306,ship,baseline,monotonic-signal
g006,sync drift,32,58,43,102,175,watch,edge,drag-penalty
g007,local state,99,15,34,92,425,ship,recovery,confidence-floor
g008,conflict cost,48,66,31,92,287,ship,negative,lane-boundary
g009,form pressure,114,59,10,53,571,ship,baseline,monotonic-signal
g010,sync drift,107,23,43,38,312,ship,edge,drag-penalty
g011,local state,107,8,19,78,497,ship,recovery,confidence-floor
g012,conflict cost,66,73,29,103,398,ship,negative,lane-boundary
g013,form pressure,93,38,17,77,479,ship,baseline,monotonic-signal
g014,sync drift,66,23,10,68,373,ship,edge,drag-penalty
g015,local state,56,18,8,25,252,ship,recovery,confidence-floor
g016,conflict cost,55,53,30,94,311,ship,negative,lane-boundary
g017,form pressure,102,73,42,90,451,ship,baseline,monotonic-signal
g018,sync drift,85,15,8,93,501,ship,edge,drag-penalty
g019,local state,36,59,13,56,250,ship,recovery,confidence-floor
g020,conflict cost,103,48,38,85,440,ship,negative,lane-boundary
g021,form pressure,52,10,10,104,376,ship,baseline,monotonic-signal
g022,sync drift,30,29,19,78,210,ship,edge,drag-penalty
g023,local state,110,76,25,23,437,ship,recovery,confidence-floor
g024,conflict cost,66,32,8,43,342,ship,negative,lane-boundary
g025,form pressure,47,63,43,101,238,ship,baseline,monotonic-signal
g026,sync drift,85,30,20,91,452,ship,edge,drag-penalty
g027,local state,64,16,10,91,404,ship,recovery,confidence-floor
g028,conflict cost,57,12,7,52,309,ship,negative,lane-boundary
g029,form pressure,57,12,28,37,174,watch,baseline,monotonic-signal
g030,sync drift,60,50,19,77,349,ship,edge,drag-penalty
g031,local state,109,71,16,102,631,ship,recovery,confidence-floor
g032,conflict cost,82,14,37,76,309,ship,negative,lane-boundary
g033,form pressure,83,58,28,67,384,ship,baseline,monotonic-signal
g034,sync drift,87,13,4,24,389,ship,edge,drag-penalty
g035,local state,49,63,14,93,375,ship,recovery,confidence-floor
g036,conflict cost,33,20,44,89,110,watch,negative,lane-boundary
g037,form pressure,73,71,37,92,362,ship,baseline,monotonic-signal
g038,sync drift,52,64,35,55,207,ship,edge,drag-penalty
g039,local state,89,28,15,84,477,ship,recovery,confidence-floor
g040,conflict cost,67,13,27,103,352,ship,negative,lane-boundary
g041,form pressure,60,8,35,77,227,ship,baseline,monotonic-signal
g042,sync drift,60,43,40,22,127,watch,edge,drag-penalty
g043,local state,107,28,23,42,425,ship,recovery,confidence-floor
g044,conflict cost,46,23,37,100,222,ship,negative,lane-boundary
g045,form pressure,107,58,4,90,646,ship,baseline,monotonic-signal
g046,sync drift,97,8,10,90,526,ship,edge,drag-penalty
g047,local state,96,20,35,51,331,ship,recovery,confidence-floor
g048,conflict cost,55,64,28,36,216,ship,negative,lane-boundary
g049,form pressure,38,53,5,76,332,ship,baseline,monotonic-signal
g050,sync drift,77,15,37,101,340,ship,edge,drag-penalty
g051,local state,56,34,34,75,238,ship,recovery,confidence-floor
g052,conflict cost,93,11,13,66,450,ship,negative,lane-boundary
g053,form pressure,71,37,4,23,347,ship,baseline,monotonic-signal
g054,sync drift,63,68,43,92,289,ship,edge,drag-penalty
g055,local state,107,35,22,88,529,ship,recovery,confidence-floor
g056,conflict cost,88,21,13,91,490,ship,negative,lane-boundary
g057,form pressure,38,17,31,54,122,watch,baseline,monotonic-signal
g058,sync drift,105,17,41,83,398,ship,edge,drag-penalty
g059,local state,98,55,29,102,506,ship,recovery,confidence-floor
g060,conflict cost,98,76,22,76,510,ship,negative,lane-boundary
g061,form pressure,101,19,20,21,365,ship,baseline,monotonic-signal
g062,sync drift,62,63,42,41,183,watch,edge,drag-penalty
g063,local state,35,18,12,99,296,ship,recovery,confidence-floor
g064,conflict cost,36,68,20,89,290,ship,negative,lane-boundary
g065,form pressure,40,25,25,89,238,ship,baseline,monotonic-signal
g066,sync drift,90,76,8,50,496,ship,edge,drag-penalty
g067,local state,74,69,22,35,325,ship,recovery,confidence-floor
g068,conflict cost,114,33,31,75,484,ship,negative,lane-boundary
g069,form pressure,93,18,37,100,405,ship,baseline,monotonic-signal
g070,sync drift,42,13,20,74,229,ship,edge,drag-penalty
g071,local state,108,48,13,65,545,ship,recovery,confidence-floor
g072,conflict cost,101,33,32,22,321,ship,negative,lane-boundary
g073,form pressure,101,28,22,91,504,ship,baseline,monotonic-signal
g074,sync drift,60,63,19,87,382,ship,edge,drag-penalty
g075,local state,87,13,40,90,341,ship,recovery,confidence-floor
g076,conflict cost,60,25,31,53,216,ship,negative,lane-boundary
g077,form pressure,50,69,28,82,293,ship,baseline,monotonic-signal
g078,sync drift,49,58,7,101,421,ship,edge,drag-penalty
g079,local state,96,20,40,75,354,ship,recovery,confidence-floor
g080,conflict cost,79,39,16,20,315,ship,negative,lane-boundary
g081,form pressure,30,16,26,40,86,hold,baseline,monotonic-signal
g082,sync drift,97,42,14,98,556,ship,edge,drag-penalty
g083,local state,46,73,7,88,398,ship,recovery,confidence-floor
g084,conflict cost,112,40,5,88,639,ship,negative,lane-boundary
g085,form pressure,104,26,27,49,405,ship,baseline,monotonic-signal
g086,sync drift,60,22,39,34,135,watch,edge,drag-penalty
g087,local state,41,22,5,74,309,ship,recovery,confidence-floor
g088,conflict cost,79,60,10,99,524,ship,negative,lane-boundary
g089,form pressure,58,11,35,73,214,ship,baseline,monotonic-signal
g090,sync drift,51,24,7,64,321,ship,edge,drag-penalty
g091,local state,51,68,16,21,234,ship,recovery,confidence-floor
g092,conflict cost,54,23,22,90,309,ship,negative,lane-boundary
g093,form pressure,103,73,5,86,632,ship,baseline,monotonic-signal
g094,sync drift,76,30,40,89,312,ship,edge,drag-penalty
g095,local state,77,11,17,52,338,ship,recovery,confidence-floor
g096,conflict cost,81,74,7,81,525,ship,negative,lane-boundary
